[{"model": "auth.user", "pk": 1, "fields": {"password": "pbkdf2_sha256$100000$pPz7Qb2LGexb$L7UzeQKhuHvR/sx5rlxS7EDR2SrHgb4P5Rj3OCccOvk=", "last_login": "2018-03-07T16:13:26.376Z", "is_superuser": true, "username": "kambafca", "first_name": "", "last_name": "", "email": "", "is_staff": true, "is_active": true, "date_joined": "2018-02-06T11:33:32.591Z", "groups": [], "user_permissions": []}}, {"model": "auth.user", "pk": 5, "fields": {"password": "pbkdf2_sha256$100000$ZylgOHy5OPBp$QTUCG0Lnlmnc2liXcUiOV5BvlrogLYMyyM4eECAQb4o=", "last_login": "2018-03-07T13:05:05.472Z", "is_superuser": false, "username": "serkan.atalay", "first_name": "Serkan", "last_name": "Atalay", "email": "", "is_staff": false, "is_active": true, "date_joined": "2018-03-04T21:30:17Z", "groups": [], "user_permissions": []}}, {"model": "auth.user", "pk": 6, "fields": {"password": "pbkdf2_sha256$100000$dHFxFoDxDiEv$oFIFz6YmTzT7lif2TjEcoZeFOsVohELLUFR36t1YVYE=", "last_login": "2018-03-07T12:12:34Z", "is_superuser": false, "username": "fatih.atal\u0131", "first_name": "Fatih", "last_name": "Atal\u0131", "email": "", "is_staff": false, "is_active": true, "date_joined": "2018-03-04T22:27:05Z", "groups": [], "user_permissions": []}}, {"model": "auth.user", "pk": 7, "fields": {"password": "pbkdf2_sha256$100000$4f7aoKbUy4dp$j6FlcxtX263yHJpf8RUwDe2ecsVmFe2pUY7AZQ3QHMc=", "last_login": "2018-03-07T08:16:24Z", "is_superuser": false, "username": "ozanbektash", "first_name": "Koray", "last_name": "\u0130ro\u00e7", "email": "", "is_staff": false, "is_active": true, "date_joined": "2018-03-07T08:16:23Z", "groups": [], "user_permissions": []}}, {"model": "auth.user", "pk": 8, "fields": {"password": "pbkdf2_sha256$100000$oBHjNPdcHtbv$3HFVu+vkqqQrbHebGSS2cKzcEuXTmSX8zua3h8e/hwU=", "last_login": "2018-03-07T11:54:42.941Z", "is_superuser": false, "username": "sena.otlu", "first_name": "sena", "last_name": "otlu", "email": "", "is_staff": false, "is_active": true, "date_joined": "2018-03-07T11:54:42.618Z", "groups": [], "user_permissions": []}}, {"model": "auth.user", "pk": 9, "fields": {"password": "pbkdf2_sha256$100000$gDyo49Z8P3T0$oeqrIc8/EQfh6m+0UjjLKTjq+RYcAFzdQ+jmAYW2p2U=", "last_login": "2018-03-07T12:07:25.348Z", "is_superuser": false, "username": "murat.oztas", "first_name": "Murat", "last_name": "\u00d6zta\u015f", "email": "", "is_staff": false, "is_active": true, "date_joined": "2018-03-07T12:07:24.966Z", "groups": [], "user_permissions": []}}, {"model": "auth.user", "pk": 10, "fields": {"password": "pbkdf2_sha256$100000$UMEacOCHBdCM$pxIQgCtmcfPwzFt5YnivgQhQ7VAoXiqvX+sWEqEU2h8=", "last_login": "2018-03-07T12:26:25.319Z", "is_superuser": false, "username": "rabia", "first_name": "rabia", "last_name": "Karamizrak", "email": "", "is_staff": false, "is_active": true, "date_joined": "2018-03-07T12:08:17.840Z", "groups": [], "user_permissions": []}}, {"model": "auth.user", "pk": 11, "fields": {"password": "pbkdf2_sha256$100000$WaTJLaAMWmK3$uK6dhMgrw/DvT1QuzqBL2oFivDe1G2H+djPJGGLiLLY=", "last_login": "2018-03-07T12:20:00.454Z", "is_superuser": false, "username": "furkangokmen", "first_name": "Furkan", "last_name": "G\u00f6kmen", "email": "", "is_staff": false, "is_active": true, "date_joined": "2018-03-07T12:20:00.129Z", "groups": [], "user_permissions": []}}, {"model": "auth.user", "pk": 12, "fields": {"password": "pbkdf2_sha256$100000$4zDzgQMoOmVH$zyG2XS4NH8zZTonoHTR03a0dsAD0TnbrKAwonq0NW/o=", "last_login": "2018-03-07T12:20:20.408Z", "is_superuser": false, "username": "\u00d6znur", "first_name": "\u00d6znur", "last_name": "\u00c7a\u011flar", "email": "", "is_staff": false, "is_active": true, "date_joined": "2018-03-07T12:20:20.055Z", "groups": [], "user_permissions": []}}, {"model": "auth.user", "pk": 13, "fields": {"password": "pbkdf2_sha256$100000$yTUfOb2UPhp9$tHciQVYvarDge13c1Yu6lzwK6XKQWL0qW1tUqhNgUT8=", "last_login": "2018-03-07T12:20:26.397Z", "is_superuser": false, "username": "Zeynep.Murat", "first_name": "Zeynep", "last_name": "Murat", "email": "", "is_staff": false, "is_active": true, "date_joined": "2018-03-07T12:20:26.111Z", "groups": [], "user_permissions": []}}, {"model": "auth.user", "pk": 14, "fields": {"password": "pbkdf2_sha256$100000$pSOVCszPh4FB$0lwRrYunXOjBqS6p1q+O2ZvG0DHxmKr9sw0OsdO0DZY=", "last_login": "2018-03-07T12:38:00.933Z", "is_superuser": false, "username": "sena.tiryaki", "first_name": "Sena", "last_name": "Tiryaki", "email": "", "is_staff": false, "is_active": true, "date_joined": "2018-03-07T12:38:00.548Z", "groups": [], "user_permissions": []}}, {"model": "auth.user", "pk": 15, "fields": {"password": "pbkdf2_sha256$100000$tNN7EjEYiBXm$IpeqcJ0AjLaVZji2gEOWsqgVGrX/PTWexmyYoDvr4IM=", "last_login": "2018-03-07T12:40:23.147Z", "is_superuser": false, "username": "Burak.sen", "first_name": "Burak", "last_name": "\u015eEN", "email": "", "is_staff": false, "is_active": true, "date_joined": "2018-03-07T12:40:22.892Z", "groups": [], "user_permissions": []}}, {"model": "auth.user", "pk": 16, "fields": {"password": "pbkdf2_sha256$100000$nMpdVnL9MV0a$hXTMFOQtRb0emYb9mO9b4ARQzEvD9tk20o15uxw2FtQ=", "last_login": "2018-03-07T12:46:52.564Z", "is_superuser": false, "username": "Origamer", "first_name": "Zafer", "last_name": "Ozdemir", "email": "", "is_staff": false, "is_active": true, "date_joined": "2018-03-07T12:46:52.291Z", "groups": [], "user_permissions": []}}, {"model": "auth.user", "pk": 17, "fields": {"password": "pbkdf2_sha256$100000$TkdKVMRqZrrf$qeoL4GVfANsJBgWY8FyLgO2taFFWMXNkgP56grizMy8=", "last_login": "2018-03-07T12:50:38.506Z", "is_superuser": false, "username": "Berkin", "first_name": "Berkin", "last_name": "Zeybeko\u011flu", "email": "", "is_staff": false, "is_active": true, "date_joined": "2018-03-07T12:50:38.137Z", "groups": [], "user_permissions": []}}, {"model": "auth.user", "pk": 18, "fields": {"password": "pbkdf2_sha256$100000$5IKsMDxqUr1w$K48w/hyDoP4fkEMaqPSrz2JXEaHJ/r1O1WEWX2Cd8o8=", "last_login": "2018-03-07T14:37:29.722Z", "is_superuser": false, "username": "Mertiel", "first_name": "Bayram Mert", "last_name": "Alt\u0131nda\u011f", "email": "", "is_staff": false, "is_active": true, "date_joined": "2018-03-07T14:37:29.397Z", "groups": [], "user_permissions": []}}, {"model": "auth.user", "pk": 19, "fields": {"password": "pbkdf2_sha256$100000$hnkwI2hw0QsD$h2U92oKtINrrdvTTBWNeK32cQEg+I2TsG83uQUG4TKs=", "last_login": "2018-03-07T14:37:37.591Z", "is_superuser": false, "username": "burak.akyurek", "first_name": "Burak", "last_name": "Aky\u00fcrek", "email": "", "is_staff": false, "is_active": true, "date_joined": "2018-03-07T14:37:37.331Z", "groups": [], "user_permissions": []}}, {"model": "auth.user", "pk": 20, "fields": {"password": "pbkdf2_sha256$100000$GsCjJrvr2yIz$ux/aWtXiMERdxRfnjD3pjW2WJfmO/jFiyt4CPcvHD68=", "last_login": "2018-03-07T15:19:15.182Z", "is_superuser": false, "username": "Haktan", "first_name": "Haktan", "last_name": "YAL\u00c7IN", "email": "", "is_staff": false, "is_active": true, "date_joined": "2018-03-07T15:19:14.890Z", "groups": [], "user_permissions": []}}, {"model": "auth.user", "pk": 21, "fields": {"password": "pbkdf2_sha256$100000$BH6RZqUN7O7a$6RpWMSKzEgVyJMVDeiUfZ0HEhdc4xZag570eLA7ZrAE=", "last_login": "2018-03-07T19:11:59.220Z", "is_superuser": false, "username": "tgolgeli", "first_name": "Tu\u011f\u00e7e", "last_name": "G\u00f6lgeli", "email": "", "is_staff": false, "is_active": true, "date_joined": "2018-03-07T19:05:59.533Z", "groups": [], "user_permissions": []}}, {"model": "sessions.session", "pk": "00qw5v2wtfgvfmvy54e8p08148427c69", "fields": {"session_data": "Yzg2NzlkYmZmMzM4ZjQ5ZTM2MzBmZDM5NTVlYWVhMzE4Zjk0MjUzYjp7Il9hdXRoX3VzZXJfaGFzaCI6ImQ5ODRmNjk4MmI0NjQ5ZjcyNGQzNGU4NGNjMzI2YmRmNTczZjAxMGMiLCJfYXV0aF91c2VyX2JhY2tlbmQiOiJkamFuZ28uY29udHJpYi5hdXRoLmJhY2tlbmRzLk1vZGVsQmFja2VuZCIsIl9hdXRoX3VzZXJfaWQiOiIxMiJ9", "expire_date": "2018-03-21T12:20:20.423Z"}}, {"model": "sessions.session", "pk": "1waa1elwp3ymayg2nu0ni0v46el2prcb", "fields": {"session_data": "MzZkNjQxMmE2NTFmYzBiOTFlYmRjNGEyZGE5YWMxYjc5MWNlMjVlMDp7Il9hdXRoX3VzZXJfaGFzaCI6IjgyN2VhNTg5MzBkOGNmYjE3MzUwYTdjNzFiZWVkYmQxNGY4M2ZiNjMiLCJfYXV0aF91c2VyX2JhY2tlbmQiOiJkamFuZ28uY29udHJpYi5hdXRoLmJhY2tlbmRzLk1vZGVsQmFja2VuZCIsIl9hdXRoX3VzZXJfaWQiOiIxIn0=", "expire_date": "2018-03-21T16:13:26.382Z"}}, {"model": "sessions.session", "pk": "3gbeavie5mj4s42ja293i7msc24crhqc", "fields": {"session_data": "OWI2NjQzZWQ1MjIxMWY5NTZmMDRiNmJmZmViZjJmZDUxZmMzMzZjZDp7Il9hdXRoX3VzZXJfaGFzaCI6IjU4Y2E1Yjc2ODk0NmI3ZGVjMzZiNmM2ZDQzZjE2MWEwODUyNjdhNDkiLCJfYXV0aF91c2VyX2JhY2tlbmQiOiJkamFuZ28uY29udHJpYi5hdXRoLmJhY2tlbmRzLk1vZGVsQmFja2VuZCIsIl9hdXRoX3VzZXJfaWQiOiIxNiJ9", "expire_date": "2018-03-21T12:46:52.570Z"}}, {"model": "sessions.session", "pk": "67ylt3bbukrga8zbk0f2mj2a68occvye", "fields": {"session_data": "MzhmOTRmNjZiZWM5YmJhZTAwMzUzMjU0OWQ4ZmYzZjNhYjg2ODdkNTp7Il9hdXRoX3VzZXJfYmFja2VuZCI6ImRqYW5nby5jb250cmliLmF1dGguYmFja2VuZHMuTW9kZWxCYWNrZW5kIiwiX2F1dGhfdXNlcl9oYXNoIjoiODI3ZWE1ODkzMGQ4Y2ZiMTczNTBhN2M3MWJlZWRiZDE0ZjgzZmI2MyIsIl9hdXRoX3VzZXJfaWQiOiIxIn0=", "expire_date": "2018-03-18T21:03:18.550Z"}}, {"model": "sessions.session", "pk": "9roqutkbvc1dm1p7j20x43gkndxmx4c7", "fields": {"session_data": "ZThlNDcxZWM2NmM5ZGMwNDlmNDNhZTQ1MDZlMzE1NzUyODk4NWI4OTp7Il9hdXRoX3VzZXJfaGFzaCI6ImJlMjYzMDBlNWY4YzQwYjUzNDc1ZDdjNWRkZWVhMjM4MWM3MmZjNjQiLCJfYXV0aF91c2VyX2JhY2tlbmQiOiJkamFuZ28uY29udHJpYi5hdXRoLmJhY2tlbmRzLk1vZGVsQmFja2VuZCIsIl9hdXRoX3VzZXJfaWQiOiIxMSJ9", "expire_date": "2018-03-21T12:20:00.460Z"}}, {"model": "sessions.session", "pk": "af05xheba8y9a6k57o305dhlpta1j86a", "fields": {"session_data": "ZGE0MTI2NTgwMWRiNzNjNGQxYmVmZTQwNGJiYTRmNzJhZjJkNzI0MDp7Il9hdXRoX3VzZXJfaGFzaCI6ImFhMGUwN2VjMTY4M2QxODE4ZTA3MDI3ZTkzNTE1NmNhZjc4NjM3ZGUiLCJfYXV0aF91c2VyX2JhY2tlbmQiOiJkamFuZ28uY29udHJpYi5hdXRoLmJhY2tlbmRzLk1vZGVsQmFja2VuZCIsIl9hdXRoX3VzZXJfaWQiOiIxMyJ9", "expire_date": "2018-03-21T12:20:26.402Z"}}, {"model": "sessions.session", "pk": "bhi9znlyoe2cg398m9ka0k6tdq6qfixv", "fields": {"session_data": "MzhmOTRmNjZiZWM5YmJhZTAwMzUzMjU0OWQ4ZmYzZjNhYjg2ODdkNTp7Il9hdXRoX3VzZXJfYmFja2VuZCI6ImRqYW5nby5jb250cmliLmF1dGguYmFja2VuZHMuTW9kZWxCYWNrZW5kIiwiX2F1dGhfdXNlcl9oYXNoIjoiODI3ZWE1ODkzMGQ4Y2ZiMTczNTBhN2M3MWJlZWRiZDE0ZjgzZmI2MyIsIl9hdXRoX3VzZXJfaWQiOiIxIn0=", "expire_date": "2018-02-22T16:44:06.394Z"}}, {"model": "sessions.session", "pk": "bne46g4ni8in8rnl6ccxu69jx6do7sr3", "fields": {"session_data": "YjZhNDY0MmU1NmQxMzViYTVhMzA5OTc3ZWJiZjAzNzM4MTc5ZWZkNDp7Il9hdXRoX3VzZXJfaGFzaCI6IjJjNGFiN2M3MmQ3OGMyYzg2YmJiOWVhYTlmNjRkNTY1YjJiMjVkN2QiLCJfYXV0aF91c2VyX2JhY2tlbmQiOiJkamFuZ28uY29udHJpYi5hdXRoLmJhY2tlbmRzLk1vZGVsQmFja2VuZCIsIl9hdXRoX3VzZXJfaWQiOiIxOCJ9", "expire_date": "2018-03-21T14:37:29.727Z"}}, {"model": "sessions.session", "pk": "bs9z553gk4bdr3doubn8rn4wcbeso41m", "fields": {"session_data": "MmViZTNjMTJkNDE3ZDY1ZDI1NzI4NzIwNGY3NGI1MjUwOWJkMGQ1Njp7Il9hdXRoX3VzZXJfaGFzaCI6IjEzMWVhNTU2ZmRlM2M3YWQyOGZkZTRlOWQ0MGUyZDQ1ZmJkNzdlYmQiLCJfYXV0aF91c2VyX2JhY2tlbmQiOiJkamFuZ28uY29udHJpYi5hdXRoLmJhY2tlbmRzLk1vZGVsQmFja2VuZCIsIl9hdXRoX3VzZXJfaWQiOiIyMCJ9", "expire_date": "2018-03-21T15:19:15.188Z"}}, {"model": "sessions.session", "pk": "cqz7p3ohjt0vq16ha11lbyb4q6vb7r3g", "fields": {"session_data": "MzZkNjQxMmE2NTFmYzBiOTFlYmRjNGEyZGE5YWMxYjc5MWNlMjVlMDp7Il9hdXRoX3VzZXJfaGFzaCI6IjgyN2VhNTg5MzBkOGNmYjE3MzUwYTdjNzFiZWVkYmQxNGY4M2ZiNjMiLCJfYXV0aF91c2VyX2JhY2tlbmQiOiJkamFuZ28uY29udHJpYi5hdXRoLmJhY2tlbmRzLk1vZGVsQmFja2VuZCIsIl9hdXRoX3VzZXJfaWQiOiIxIn0=", "expire_date": "2018-02-23T10:51:02.243Z"}}, {"model": "sessions.session", "pk": "da3rc2midvoyf7u2g14jgzqcrlne4yb9", "fields": {"session_data": "ZjBmYjJmNzM4M2RjMWQ5ZDZmYTUzMmI3MjcyNDZjMGQ5ZGQ0ZjJmMzp7Il9hdXRoX3VzZXJfaGFzaCI6ImQ4MjRlY2I5NDE1MmEzODk0YTU0M2UxZWVjYzZlYjRiZDg2ZmM2MDUiLCJfYXV0aF91c2VyX2JhY2tlbmQiOiJkamFuZ28uY29udHJpYi5hdXRoLmJhY2tlbmRzLk1vZGVsQmFja2VuZCIsIl9hdXRoX3VzZXJfaWQiOiIxNSJ9", "expire_date": "2018-03-21T12:40:23.153Z"}}, {"model": "sessions.session", "pk": "dt4k74zwz39rsj7fje3l0ydiichmuk09", "fields": {"session_data": "MzZkNjQxMmE2NTFmYzBiOTFlYmRjNGEyZGE5YWMxYjc5MWNlMjVlMDp7Il9hdXRoX3VzZXJfaGFzaCI6IjgyN2VhNTg5MzBkOGNmYjE3MzUwYTdjNzFiZWVkYmQxNGY4M2ZiNjMiLCJfYXV0aF91c2VyX2JhY2tlbmQiOiJkamFuZ28uY29udHJpYi5hdXRoLmJhY2tlbmRzLk1vZGVsQmFja2VuZCIsIl9hdXRoX3VzZXJfaWQiOiIxIn0=", "expire_date": "2018-03-18T22:21:41.598Z"}}, {"model": "sessions.session", "pk": "duzxxjwgtvg8f1i3bsvfmtsvk1mgirws", "fields": {"session_data": "MWYxZWYxOTQ4NzM4YmE5NTQ2NDE1YWYxN2M2ODU4ZDQ4NGI0ZjE2ZDp7Il9hdXRoX3VzZXJfaGFzaCI6ImQwMzM1ZjQ5MWY5OWI1MjE1MThiODgxNGFiNjE0MWZmMzlhMmVmYzkiLCJfYXV0aF91c2VyX2JhY2tlbmQiOiJkamFuZ28uY29udHJpYi5hdXRoLmJhY2tlbmRzLk1vZGVsQmFja2VuZCIsIl9hdXRoX3VzZXJfaWQiOiI2In0=", "expire_date": "2018-03-21T12:12:34.267Z"}}, {"model": "sessions.session", "pk": "fxb9bnytngvmixyj2lnw0rcobh243ssn", "fields": {"session_data": "NDcyZWNjMTA2MmNlY2E1Nzg3MmU5MWM5MjdjM2MyOGU1NzM1ZmEzYTp7Il9hdXRoX3VzZXJfaWQiOiI2IiwiX2F1dGhfdXNlcl9oYXNoIjoiZDAzMzVmNDkxZjk5YjUyMTUxOGI4ODE0YWI2MTQxZmYzOWEyZWZjOSIsIl9hdXRoX3VzZXJfYmFja2VuZCI6ImRqYW5nby5jb250cmliLmF1dGguYmFja2VuZHMuTW9kZWxCYWNrZW5kIn0=", "expire_date": "2018-03-18T22:27:05.716Z"}}, {"model": "sessions.session", "pk": "il2uo9ihz6a95h6c4ndig56bzz8zdjvh", "fields": {"session_data": "YmI5ZjU4MzVjYWM1MTNlOTFlNzE2MTg2OWE5ZWQ3YmUzMGY1ZWRlZTp7Il9hdXRoX3VzZXJfaWQiOiI3IiwiX2F1dGhfdXNlcl9iYWNrZW5kIjoiZGphbmdvLmNvbnRyaWIuYXV0aC5iYWNrZW5kcy5Nb2RlbEJhY2tlbmQiLCJfYXV0aF91c2VyX2hhc2giOiIzZThiMzdiMTYyYWU1MmU5OTcxNzU1YzhlYzRiM2UxOWY3ODVmOWFhIn0=", "expire_date": "2018-03-21T08:16:24.298Z"}}, {"model": "sessions.session", "pk": "koehjrn50hyghq3db1goy42m4yjyac9d", "fields": {"session_data": "Yzg1MThmN2NhOTg3MDU5OWMzMTVlNzEwYzMyMjM4ZmU0ZmVkZGFmODp7Il9hdXRoX3VzZXJfaGFzaCI6IjU5M2I0MzhkNDJlNGM1MDIwOWVlMWM1OTc3M2RkNDYwYWYwMTIxZDEiLCJfYXV0aF91c2VyX2JhY2tlbmQiOiJkamFuZ28uY29udHJpYi5hdXRoLmJhY2tlbmRzLk1vZGVsQmFja2VuZCIsIl9hdXRoX3VzZXJfaWQiOiIxNCJ9", "expire_date": "2018-03-21T12:38:00.939Z"}}, {"model": "sessions.session", "pk": "l6nthckk5d8aiuwmlobxebblgk2th5sq", "fields": {"session_data": "MjYxNDRkNTQwNmVjZjc4NzVjMmJhNDI3NjJhMjRmMDAyYjNlNWU4Yjp7Il9hdXRoX3VzZXJfaGFzaCI6IjIwN2VkMTExOTM0Y2UxNmVjYWU5YjExOTBjMWVkZmFjMGQ3YmU5NjEiLCJfYXV0aF91c2VyX2JhY2tlbmQiOiJkamFuZ28uY29udHJpYi5hdXRoLmJhY2tlbmRzLk1vZGVsQmFja2VuZCIsIl9hdXRoX3VzZXJfaWQiOiIyMSJ9", "expire_date": "2018-03-21T19:05:59.856Z"}}, {"model": "sessions.session", "pk": "ldbqv2z3erid6pptvh1sg3kubjztdvll", "fields": {"session_data": "MzhmOTRmNjZiZWM5YmJhZTAwMzUzMjU0OWQ4ZmYzZjNhYjg2ODdkNTp7Il9hdXRoX3VzZXJfYmFja2VuZCI6ImRqYW5nby5jb250cmliLmF1dGguYmFja2VuZHMuTW9kZWxCYWNrZW5kIiwiX2F1dGhfdXNlcl9oYXNoIjoiODI3ZWE1ODkzMGQ4Y2ZiMTczNTBhN2M3MWJlZWRiZDE0ZjgzZmI2MyIsIl9hdXRoX3VzZXJfaWQiOiIxIn0=", "expire_date": "2018-03-18T21:32:29.671Z"}}, {"model": "sessions.session", "pk": "pnkcwuzbtflu5euu6018wpq1y5tw60mn", "fields": {"session_data": "MzZkNjQxMmE2NTFmYzBiOTFlYmRjNGEyZGE5YWMxYjc5MWNlMjVlMDp7Il9hdXRoX3VzZXJfaGFzaCI6IjgyN2VhNTg5MzBkOGNmYjE3MzUwYTdjNzFiZWVkYmQxNGY4M2ZiNjMiLCJfYXV0aF91c2VyX2JhY2tlbmQiOiJkamFuZ28uY29udHJpYi5hdXRoLmJhY2tlbmRzLk1vZGVsQmFja2VuZCIsIl9hdXRoX3VzZXJfaWQiOiIxIn0=", "expire_date": "2018-03-21T13:06:48.642Z"}}, {"model": "sessions.session", "pk": "s1wij3su5x4ht070g6s309qxxfp9whoc", "fields": {"session_data": "MWYxZWYxOTQ4NzM4YmE5NTQ2NDE1YWYxN2M2ODU4ZDQ4NGI0ZjE2ZDp7Il9hdXRoX3VzZXJfaGFzaCI6ImQwMzM1ZjQ5MWY5OWI1MjE1MThiODgxNGFiNjE0MWZmMzlhMmVmYzkiLCJfYXV0aF91c2VyX2JhY2tlbmQiOiJkamFuZ28uY29udHJpYi5hdXRoLmJhY2tlbmRzLk1vZGVsQmFja2VuZCIsIl9hdXRoX3VzZXJfaWQiOiI2In0=", "expire_date": "2018-03-21T10:56:29.810Z"}}, {"model": "sessions.session", "pk": "ta63p2ucj2ug6be3fdgxibhxd56yj1zv", "fields": {"session_data": "YmE2NWJmNGFhYmU3Y2YzZjdhOGE0OWQwZWY5ODA1MTFjODlhNTZlZjp7Il9hdXRoX3VzZXJfaGFzaCI6IjkyMGI4ZTQyNTYzZTliMDE0YzJmOTM1M2ZkM2Q3NTUzOGE0YTQ4YjAiLCJfYXV0aF91c2VyX2JhY2tlbmQiOiJkamFuZ28uY29udHJpYi5hdXRoLmJhY2tlbmRzLk1vZGVsQmFja2VuZCIsIl9hdXRoX3VzZXJfaWQiOiI5In0=", "expire_date": "2018-03-21T12:07:25.354Z"}}, {"model": "sessions.session", "pk": "uo6j8dfyrqef4bhcoj9nt48n6ctizb4f", "fields": {"session_data": "YTJhNDU0NDZkM2Y1ZDgwMTA2M2JmZjAyZGI2MjcyNDE1YmE3YzFlMDp7Il9hdXRoX3VzZXJfaGFzaCI6IjgzNTkzYTZmZjM2OWFiODVhOTU5NmMwNjQ2ZjQxZjZmZjAxNjczYjkiLCJfYXV0aF91c2VyX2JhY2tlbmQiOiJkamFuZ28uY29udHJpYi5hdXRoLmJhY2tlbmRzLk1vZGVsQmFja2VuZCIsIl9hdXRoX3VzZXJfaWQiOiIxNyJ9", "expire_date": "2018-03-21T12:50:38.510Z"}}, {"model": "sessions.session", "pk": "ywv0vbruyk5m9myut5y8dzick4fpvb6d", "fields": {"session_data": "OTc4ODFmN2Y3M2IyMGE0NTZiYTJhNTAxMmM3OTFjM2MyOTlmNjgxZjp7Il9hdXRoX3VzZXJfaGFzaCI6IjI2ZmI1ZmNmOWNkZGViODAwODM3ZjBjOTViMTkyODdiZmYxODc3ZmMiLCJfYXV0aF91c2VyX2JhY2tlbmQiOiJkamFuZ28uY29udHJpYi5hdXRoLmJhY2tlbmRzLk1vZGVsQmFja2VuZCIsIl9hdXRoX3VzZXJfaWQiOiIxMCJ9", "expire_date": "2018-03-21T12:26:25.326Z"}}, {"model": "league.player", "pk": 4, "fields": {"name": "Dudu Erol", "sex": "F", "official_category": "K21E"}}, {"model": "league.player", "pk": 5, "fields": {"name": "Nurdan Bayram", "sex": "F", "official_category": "K21E"}}, {"model": "league.player", "pk": 6, "fields": {"name": "\u00d6znur \u00c7a\u011flar", "sex": "F", "official_category": "K21E"}}, {"model": "league.player", "pk": 7, "fields": {"name": "Sena Pamuk", "sex": "F", "official_category": "K21E"}}, {"model": "league.player", "pk": 8, "fields": {"name": "Ali\u015fan Kayab\u00f6len", "sex": "M", "official_category": "E21E"}}, {"model": "league.player", "pk": 9, "fields": {"name": "Fatih Atal\u0131", "sex": "M", "official_category": "E21E"}}, {"model": "league.player", "pk": 10, "fields": {"name": "Utku Uzun", "sex": "M", "official_category": "E21E"}}, {"model": "league.player", "pk": 11, "fields": {"name": "Zafer Taha \u00d6zdemir", "sex": "M", "official_category": "E21E"}}, {"model": "league.player", "pk": 12, "fields": {"name": "Zeynep B\u00fc\u015fra Ta\u015f\u00e7\u0131", "sex": "F", "official_category": "K20A"}}, {"model": "league.player", "pk": 13, "fields": {"name": "Nazl\u0131 \u00d6zkoca", "sex": "F", "official_category": "K21A"}}, {"model": "league.player", "pk": 14, "fields": {"name": "Sena Tiryaki", "sex": "F", "official_category": "K21A"}}, {"model": "league.player", "pk": 15, "fields": {"name": "Tu\u011f\u00e7e G\u00f6lgeli", "sex": "F", "official_category": "K21A"}}, {"model": "league.player", "pk": 16, "fields": {"name": "Bayram Mert Alt\u0131nda\u011f", "sex": "M", "official_category": "E21A"}}, {"model": "league.player", "pk": 17, "fields": {"name": "Berkin Zeybeko\u011flu", "sex": "M", "official_category": "E21A"}}, {"model": "league.player", "pk": 18, "fields": {"name": "Burak Aky\u00fcrek", "sex": "M", "official_category": "E21A"}}, {"model": "league.player", "pk": 19, "fields": {"name": "Emre Bilir", "sex": "M", "official_category": "E21A"}}, {"model": "league.player", "pk": 20, "fields": {"name": "Fatih Semiz", "sex": "M", "official_category": "E21A"}}, {"model": "league.player", "pk": 21, "fields": {"name": "Furkan G\u00f6kmen", "sex": "M", "official_category": "E21A"}}, {"model": "league.player", "pk": 22, "fields": {"name": "Koray Eskiduman", "sex": "M", "official_category": "E21A"}}, {"model": "league.player", "pk": 23, "fields": {"name": "Mustafa Onur Ko\u00e7", "sex": "M", "official_category": "E21A"}}, {"model": "league.player", "pk": 24, "fields": {"name": "Ozan Bekta\u015f", "sex": "M", "official_category": "E21A"}}, {"model": "league.player", "pk": 25, "fields": {"name": "Ramazan Do\u011fanay", "sex": "M", "official_category": "E21A"}}, {"model": "league.player", "pk": 26, "fields": {"name": "Serkan  Atalay", "sex": "M", "official_category": "E21A"}}, {"model": "league.player", "pk": 27, "fields": {"name": "Rabia Karam\u0131zrak", "sex": "F", "official_category": "K21A"}}, {"model": "league.player", "pk": 28, "fields": {"name": "Zeynep Murat", "sex": "F", "official_category": "K21A"}}, {"model": "league.player", "pk": 29, "fields": {"name": "Agah Akmaz", "sex": "M", "official_category": "E21A"}}, {"model": "league.player", "pk": 30, "fields": {"name": "Ye\u015fim Ayd\u0131na", "sex": "F", "official_category": "K20B"}}, {"model": "league.player", "pk": 31, "fields": {"name": "Ahmet Bekcan", "sex": "M", "official_category": "E20B"}}, {"model": "league.player", "pk": 32, "fields": {"name": "Burak Can \u015een", "sex": "M", "official_category": "E20B"}}, {"model": "league.player", "pk": 33, "fields": {"name": "Erdem \u015eim\u015fek", "sex": "M", "official_category": "E20B"}}, {"model": "league.player", "pk": 34, "fields": {"name": "Haktan Yal\u00e7\u0131n", "sex": "M", "official_category": "E20B"}}, {"model": "league.player", "pk": 35, "fields": {"name": "\u00d6mer \u00c7\u0131b\u0131k", "sex": "M", "official_category": "E20B"}}, {"model": "league.player", "pk": 36, "fields": {"name": "Rahmetullah Durgun", "sex": "M", "official_category": "E20B"}}, {"model": "league.player", "pk": 37, "fields": {"name": "Merve Er\u015fahin", "sex": "F", "official_category": "K21B"}}, {"model": "league.player", "pk": 38, "fields": {"name": "Seher Balc\u0131", "sex": "F", "official_category": "K21B"}}, {"model": "league.player", "pk": 39, "fields": {"name": "Murat \u00d6zta\u015f", "sex": "M", "official_category": "E21B"}}, {"model": "league.player", "pk": 40, "fields": {"name": "Ay\u015fe Petek Bing\u00f6l", "sex": "F", "official_category": "K55"}}, {"model": "league.player", "pk": 41, "fields": {"name": "Sena Otlu", "sex": "F", "official_category": "K21E"}}, {"model": "league.player", "pk": 42, "fields": {"name": "Emre Ayar", "sex": "M", "official_category": "E21E"}}, {"model": "league.player", "pk": 43, "fields": {"name": "K\u00fcbra \u00d6z\u00fcbek", "sex": "F", "official_category": "K21A"}}, {"model": "league.stage", "pk": 3, "fields": {"order": 1, "distance": "Middle", "E21E_win_time": "00:00:00", "K21E_win_time": "00:00:00", "E21A_win_time": "00:00:00", "K21A_win_time": "00:00:00", "E21B_win_time": "00:00:00", "K21B_win_time": "00:00:00", "E20A_win_time": "00:00:00", "K20A_win_time": "00:00:00", "E20B_win_time": "00:00:00", "K20B_win_time": "00:00:00", "K55_win_time": "00:00:00"}}, {"model": "league.stage", "pk": 4, "fields": {"order": 2, "distance": "Sprint", "E21E_win_time": "00:00:00", "K21E_win_time": "00:00:00", "E21A_win_time": "00:00:00", "K21A_win_time": "00:00:00", "E21B_win_time": "00:00:00", "K21B_win_time": "00:00:00", "E20A_win_time": "00:00:00", "K20A_win_time": "00:00:00", "E20B_win_time": "00:00:00", "K20B_win_time": "00:00:00", "K55_win_time": "00:00:00"}}, {"model": "league.race", "pk": 3, "fields": {"name": "10-11 Mart Urla", "created_at": "2018-03-06T22:20:22.010Z", "stages": [3, 4]}}, {"model": "league.participation", "pk": 13, "fields": {"player": 4, "race": 3, "price": 26, "finish_time_1": "00:00:00", "score_1": 0, "finish_time_2": "00:00:00", "score_2": 0, "group": "1"}}, {"model": "league.participation", "pk": 14, "fields": {"player": 41, "race": 3, "price": 14, "finish_time_1": "00:00:00", "score_1": 0, "finish_time_2": "00:00:00", "score_2": 0, "group": "1"}}, {"model": "league.participation", "pk": 15, "fields": {"player": 6, "race": 3, "price": 14, "finish_time_1": "00:00:00", "score_1": 0, "finish_time_2": "00:00:00", "score_2": 0, "group": "1"}}, {"model": "league.participation", "pk": 16, "fields": {"player": 7, "race": 3, "price": 8, "finish_time_1": "00:00:00", "score_1": 0, "finish_time_2": "00:00:00", "score_2": 0, "group": "1"}}, {"model": "league.participation", "pk": 17, "fields": {"player": 42, "race": 3, "price": 12, "finish_time_1": "00:00:00", "score_1": 0, "finish_time_2": "00:00:00", "score_2": 0, "group": "1"}}, {"model": "league.participation", "pk": 18, "fields": {"player": 8, "race": 3, "price": 16, "finish_time_1": "00:00:00", "score_1": 0, "finish_time_2": "00:00:00", "score_2": 0, "group": "1"}}, {"model": "league.participation", "pk": 19, "fields": {"player": 9, "race": 3, "price": 12, "finish_time_1": "00:00:00", "score_1": 0, "finish_time_2": "00:00:00", "score_2": 0, "group": "1"}}, {"model": "league.participation", "pk": 20, "fields": {"player": 10, "race": 3, "price": 10, "finish_time_1": "00:00:00", "score_1": 0, "finish_time_2": "00:00:00", "score_2": 0, "group": "1"}}, {"model": "league.participation", "pk": 21, "fields": {"player": 11, "race": 3, "price": 6, "finish_time_1": "00:00:00", "score_1": 0, "finish_time_2": "00:00:00", "score_2": 0, "group": "1"}}, {"model": "league.participation", "pk": 22, "fields": {"player": 12, "race": 3, "price": 8, "finish_time_1": "00:00:00", "score_1": 0, "finish_time_2": "00:00:00", "score_2": 0, "group": "1"}}, {"model": "league.participation", "pk": 23, "fields": {"player": 13, "race": 3, "price": 12, "finish_time_1": "00:00:00", "score_1": 0, "finish_time_2": "00:00:00", "score_2": 0, "group": "2"}}, {"model": "league.participation", "pk": 24, "fields": {"player": 14, "race": 3, "price": 16, "finish_time_1": "00:00:00", "score_1": 0, "finish_time_2": "00:00:00", "score_2": 0, "group": "2"}}, {"model": "league.participation", "pk": 25, "fields": {"player": 15, "race": 3, "price": 18, "finish_time_1": "00:00:00", "score_1": 0, "finish_time_2": "00:00:00", "score_2": 0, "group": "2"}}, {"model": "league.participation", "pk": 26, "fields": {"player": 43, "race": 3, "price": 6, "finish_time_1": "00:00:00", "score_1": 0, "finish_time_2": "00:00:00", "score_2": 0, "group": "2"}}, {"model": "league.participation", "pk": 27, "fields": {"player": 16, "race": 3, "price": 10, "finish_time_1": "00:00:00", "score_1": 0, "finish_time_2": "00:00:00", "score_2": 0, "group": "2"}}, {"model": "league.participation", "pk": 28, "fields": {"player": 17, "race": 3, "price": 8, "finish_time_1": "00:00:00", "score_1": 0, "finish_time_2": "00:00:00", "score_2": 0, "group": "2"}}, {"model": "league.participation", "pk": 29, "fields": {"player": 18, "race": 3, "price": 8, "finish_time_1": "00:00:00", "score_1": 0, "finish_time_2": "00:00:00", "score_2": 0, "group": "2"}}, {"model": "league.participation", "pk": 30, "fields": {"player": 19, "race": 3, "price": 8, "finish_time_1": "00:00:00", "score_1": 0, "finish_time_2": "00:00:00", "score_2": 0, "group": "2"}}, {"model": "league.participation", "pk": 31, "fields": {"player": 20, "race": 3, "price": 14, "finish_time_1": "00:00:00", "score_1": 0, "finish_time_2": "00:00:00", "score_2": 0, "group": "2"}}, {"model": "league.participation", "pk": 32, "fields": {"player": 21, "race": 3, "price": 10, "finish_time_1": "00:00:00", "score_1": 0, "finish_time_2": "00:00:00", "score_2": 0, "group": "2"}}, {"model": "league.participation", "pk": 33, "fields": {"player": 22, "race": 3, "price": 14, "finish_time_1": "00:00:00", "score_1": 0, "finish_time_2": "00:00:00", "score_2": 0, "group": "2"}}, {"model": "league.participation", "pk": 34, "fields": {"player": 23, "race": 3, "price": 14, "finish_time_1": "00:00:00", "score_1": 0, "finish_time_2": "00:00:00", "score_2": 0, "group": "2"}}, {"model": "league.participation", "pk": 35, "fields": {"player": 24, "race": 3, "price": 12, "finish_time_1": "00:00:00", "score_1": 0, "finish_time_2": "00:00:00", "score_2": 0, "group": "2"}}, {"model": "league.participation", "pk": 36, "fields": {"player": 29, "race": 3, "price": 6, "finish_time_1": "00:00:00", "score_1": 0, "finish_time_2": "00:00:00", "score_2": 0, "group": "2"}}, {"model": "league.participation", "pk": 37, "fields": {"player": 26, "race": 3, "price": 10, "finish_time_1": "00:00:00", "score_1": 0, "finish_time_2": "00:00:00", "score_2": 0, "group": "2"}}, {"model": "league.participation", "pk": 38, "fields": {"player": 27, "race": 3, "price": 4, "finish_time_1": "00:00:00", "score_1": 0, "finish_time_2": "00:00:00", "score_2": 0, "group": "2"}}, {"model": "league.participation", "pk": 39, "fields": {"player": 28, "race": 3, "price": 6, "finish_time_1": "00:00:00", "score_1": 0, "finish_time_2": "00:00:00", "score_2": 0, "group": "2"}}, {"model": "league.participation", "pk": 40, "fields": {"player": 30, "race": 3, "price": 8, "finish_time_1": "00:00:00", "score_1": 0, "finish_time_2": "00:00:00", "score_2": 0, "group": "3"}}, {"model": "league.participation", "pk": 41, "fields": {"player": 39, "race": 3, "price": 6, "finish_time_1": "00:00:00", "score_1": 0, "finish_time_2": "00:00:00", "score_2": 0, "group": "3"}}, {"model": "league.participation", "pk": 42, "fields": {"player": 40, "race": 3, "price": 16, "finish_time_1": "00:00:00", "score_1": 0, "finish_time_2": "00:00:00", "score_2": 0, "group": "3"}}, {"model": "league.participation", "pk": 43, "fields": {"player": 33, "race": 3, "price": 12, "finish_time_1": "00:00:00", "score_1": 0, "finish_time_2": "00:00:00", "score_2": 0, "group": "3"}}, {"model": "league.participation", "pk": 44, "fields": {"player": 34, "race": 3, "price": 12, "finish_time_1": "00:00:00", "score_1": 0, "finish_time_2": "00:00:00", "score_2": 0, "group": "3"}}, {"model": "league.participation", "pk": 45, "fields": {"player": 35, "race": 3, "price": 6, "finish_time_1": "00:00:00", "score_1": 0, "finish_time_2": "00:00:00", "score_2": 0, "group": "3"}}, {"model": "league.participation", "pk": 46, "fields": {"player": 36, "race": 3, "price": 4, "finish_time_1": "00:00:00", "score_1": 0, "finish_time_2": "00:00:00", "score_2": 0, "group": "3"}}, {"model": "league.team", "pk": 6, "fields": {"owner": 1, "belonged_race": 3, "created_at": "2018-03-07T19:27:12.086Z", "budget": 100, "selected_players": []}}, {"model": "league.team", "pk": 7, "fields": {"owner": 6, "belonged_race": 3, "created_at": "2018-03-06T22:15:00.836Z", "budget": 0, "selected_players": [14, 18, 19, 23, 25, 30, 37, 41, 46]}}, {"model": "league.team", "pk": 8, "fields": {"owner": 5, "belonged_race": 3, "created_at": "2018-03-07T13:05:32.081Z", "budget": 100, "selected_players": []}}, {"model": "league.team", "pk": 9, "fields": {"owner": 7, "belonged_race": 3, "created_at": "2018-03-07T08:42:06.748Z", "budget": 0, "selected_players": [18, 20, 22, 26, 33, 34, 35, 40, 44]}}, {"model": "league.team", "pk": 10, "fields": {"owner": 8, "belonged_race": 3, "created_at": "2018-03-07T11:59:35.987Z", "budget": 2, "selected_players": [13, 14, 15, 25, 36, 38, 42]}}, {"model": "league.team", "pk": 11, "fields": {"owner": 9, "belonged_race": 3, "created_at": "2018-03-07T12:09:37.171Z", "budget": 0, "selected_players": [13, 14, 15, 25, 28, 36, 38, 41, 46]}}, {"model": "league.team", "pk": 12, "fields": {"owner": 10, "belonged_race": 3, "created_at": "2018-03-07T12:15:30.886Z", "budget": 0, "selected_players": [14, 18, 22, 24, 25, 38, 39, 44, 45]}}, {"model": "league.team", "pk": 13, "fields": {"owner": 11, "belonged_race": 3, "created_at": "2018-03-07T12:34:08.962Z", "budget": 0, "selected_players": [13, 18, 21, 25, 26, 32, 38, 40, 45]}}, {"model": "league.team", "pk": 14, "fields": {"owner": 12, "belonged_race": 3, "created_at": "2018-03-07T12:23:50.568Z", "budget": 0, "selected_players": [14, 15, 16, 23, 27, 34, 36, 42, 45]}}, {"model": "league.team", "pk": 15, "fields": {"owner": 13, "belonged_race": 3, "created_at": "2018-03-07T13:25:32.521Z", "budget": 0, "selected_players": [13, 19, 25, 34, 36, 39, 44, 45]}}, {"model": "league.team", "pk": 16, "fields": {"owner": 14, "belonged_race": 3, "created_at": "2018-03-07T12:50:03.032Z", "budget": 0, "selected_players": [13, 20, 22, 24, 28, 36, 37, 44, 46]}}, {"model": "league.team", "pk": 17, "fields": {"owner": 15, "belonged_race": 3, "created_at": "2018-03-07T12:41:56.175Z", "budget": 20, "selected_players": [13, 18, 27, 28, 33, 36]}}, {"model": "league.team", "pk": 18, "fields": {"owner": 16, "belonged_race": 3, "created_at": "2018-03-07T12:47:12.626Z", "budget": 100, "selected_players": []}}, {"model": "league.team", "pk": 19, "fields": {"owner": 17, "belonged_race": 3, "created_at": "2018-03-07T12:51:24.173Z", "budget": 66, "selected_players": [13, 28]}}, {"model": "league.team", "pk": 20, "fields": {"owner": 18, "belonged_race": 3, "created_at": "2018-03-07T14:41:28.239Z", "budget": 0, "selected_players": [13, 14, 19, 27, 33, 36, 39, 41, 45]}}, {"model": "league.team", "pk": 21, "fields": {"owner": 19, "belonged_race": 3, "created_at": "2018-03-07T14:42:04.408Z", "budget": 94, "selected_players": [45]}}, {"model": "league.team", "pk": 22, "fields": {"owner": 20, "belonged_race": 3, "created_at": "2018-03-07T16:06:51.460Z", "budget": 38, "selected_players": [13, 21, 25, 44]}}, {"model": "league.team", "pk": 23, "fields": {"owner": 21, "belonged_race": 3, "created_at": "2018-03-07T19:11:07.906Z", "budget": 0, "selected_players": [14, 16, 18, 24, 25, 26, 35, 41, 46]}}, {"model": "admin.logentry", "pk": 1, "fields": {"action_time": "2018-02-06T11:33:49.528Z", "user": 1, "content_type": 8, "object_id": "1", "object_repr": "Player 1", "action_flag": 1, "change_message": "[{\"added\": {}}]"}}, {"model": "admin.logentry", "pk": 2, "fields": {"action_time": "2018-02-06T11:33:53.070Z", "user": 1, "content_type": 8, "object_id": "2", "object_repr": "Player 2", "action_flag": 1, "change_message": "[{\"added\": {}}]"}}, {"model": "admin.logentry", "pk": 3, "fields": {"action_time": "2018-02-06T11:33:56.823Z", "user": 1, "content_type": 8, "object_id": "3", "object_repr": "Player 3", "action_flag": 1, "change_message": "[{\"added\": {}}]"}}, {"model": "admin.logentry", "pk": 4, "fields": {"action_time": "2018-02-06T11:34:10.330Z", "user": 1, "content_type": 10, "object_id": "1", "object_repr": "Race object (1)", "action_flag": 1, "change_message": "[{\"added\": {}}, {\"added\": {\"name\": \"participation\", \"object\": \"Participation object (1)\"}}, {\"added\": {\"name\": \"participation\", \"object\": \"Participation object (2)\"}}, {\"added\": {\"name\": \"participation\", \"object\": \"Participation object (3)\"}}]"}}, {"model": "admin.logentry", "pk": 5, "fields": {"action_time": "2018-02-06T11:34:20.234Z", "user": 1, "content_type": 7, "object_id": "1", "object_repr": "Team object (1)", "action_flag": 1, "change_message": "[{\"added\": {}}]"}}, {"model": "admin.logentry", "pk": 6, "fields": {"action_time": "2018-02-06T11:34:28.029Z", "user": 1, "content_type": 7, "object_id": "1", "object_repr": "Team object (1)", "action_flag": 2, "change_message": "[{\"changed\": {\"fields\": [\"selected_players\"]}}]"}}, {"model": "admin.logentry", "pk": 7, "fields": {"action_time": "2018-02-06T11:34:34.336Z", "user": 1, "content_type": 7, "object_id": "1", "object_repr": "Team object (1)", "action_flag": 2, "change_message": "[{\"changed\": {\"fields\": [\"selected_players\"]}}]"}}, {"model": "admin.logentry", "pk": 8, "fields": {"action_time": "2018-02-06T11:48:15.170Z", "user": 1, "content_type": 8, "object_id": "3", "object_repr": "Dudu Erol", "action_flag": 2, "change_message": "[{\"changed\": {\"fields\": [\"name\", \"sex\", \"official_category\"]}}]"}}, {"model": "admin.logentry", "pk": 9, "fields": {"action_time": "2018-02-06T11:50:38.484Z", "user": 1, "content_type": 10, "object_id": "1", "object_repr": "Race object (1)", "action_flag": 2, "change_message": "[]"}}, {"model": "admin.logentry", "pk": 10, "fields": {"action_time": "2018-02-07T08:05:41.098Z", "user": 1, "content_type": 8, "object_id": "3", "object_repr": "Dudu Erol", "action_flag": 3, "change_message": ""}}, {"model": "admin.logentry", "pk": 11, "fields": {"action_time": "2018-02-07T08:05:41.102Z", "user": 1, "content_type": 8, "object_id": "2", "object_repr": "Player 2", "action_flag": 3, "change_message": ""}}, {"model": "admin.logentry", "pk": 12, "fields": {"action_time": "2018-02-07T08:05:41.106Z", "user": 1, "content_type": 8, "object_id": "1", "object_repr": "Player 1", "action_flag": 3, "change_message": ""}}, {"model": "admin.logentry", "pk": 13, "fields": {"action_time": "2018-02-07T08:05:54.733Z", "user": 1, "content_type": 10, "object_id": "1", "object_repr": "Race object (1)", "action_flag": 3, "change_message": ""}}, {"model": "admin.logentry", "pk": 14, "fields": {"action_time": "2018-02-07T08:07:29.905Z", "user": 1, "content_type": 8, "object_id": "4", "object_repr": "Dudu Erol", "action_flag": 1, "change_message": "[{\"added\": {}}]"}}, {"model": "admin.logentry", "pk": 15, "fields": {"action_time": "2018-02-07T08:07:44.623Z", "user": 1, "content_type": 8, "object_id": "5", "object_repr": "Nurdan Bayram", "action_flag": 1, "change_message": "[{\"added\": {}}]"}}, {"model": "admin.logentry", "pk": 16, "fields": {"action_time": "2018-02-07T08:07:58.534Z", "user": 1, "content_type": 8, "object_id": "6", "object_repr": "\u00d6znur \u00c7a\u011flar", "action_flag": 1, "change_message": "[{\"added\": {}}]"}}, {"model": "admin.logentry", "pk": 17, "fields": {"action_time": "2018-02-07T08:08:23.002Z", "user": 1, "content_type": 8, "object_id": "7", "object_repr": "Sena Pamuk", "action_flag": 1, "change_message": "[{\"added\": {}}]"}}, {"model": "admin.logentry", "pk": 18, "fields": {"action_time": "2018-02-07T08:08:36.175Z", "user": 1, "content_type": 8, "object_id": "8", "object_repr": "Ali\u015fan Kayab\u00f6len", "action_flag": 1, "change_message": "[{\"added\": {}}]"}}, {"model": "admin.logentry", "pk": 19, "fields": {"action_time": "2018-02-07T08:08:45.442Z", "user": 1, "content_type": 8, "object_id": "9", "object_repr": "Fatih Atal\u0131", "action_flag": 1, "change_message": "[{\"added\": {}}]"}}, {"model": "admin.logentry", "pk": 20, "fields": {"action_time": "2018-02-07T08:08:53.155Z", "user": 1, "content_type": 8, "object_id": "10", "object_repr": "Utku Uzun", "action_flag": 1, "change_message": "[{\"added\": {}}]"}}, {"model": "admin.logentry", "pk": 21, "fields": {"action_time": "2018-02-07T08:09:02.473Z", "user": 1, "content_type": 8, "object_id": "11", "object_repr": "Zafer Taha \u00d6zden", "action_flag": 1, "change_message": "[{\"added\": {}}]"}}, {"model": "admin.logentry", "pk": 22, "fields": {"action_time": "2018-02-07T08:12:16.387Z", "user": 1, "content_type": 8, "object_id": "12", "object_repr": "Zeynep B\u00fc\u015fra Ta\u015f\u00e7\u0131", "action_flag": 1, "change_message": "[{\"added\": {}}]"}}, {"model": "admin.logentry", "pk": 23, "fields": {"action_time": "2018-02-07T08:12:38.945Z", "user": 1, "content_type": 8, "object_id": "13", "object_repr": "Nazl\u0131 \u00d6zkoca", "action_flag": 1, "change_message": "[{\"added\": {}}]"}}, {"model": "admin.logentry", "pk": 24, "fields": {"action_time": "2018-02-07T08:13:04.976Z", "user": 1, "content_type": 8, "object_id": "14", "object_repr": "Sena Tiryaki", "action_flag": 1, "change_message": "[{\"added\": {}}]"}}, {"model": "admin.logentry", "pk": 25, "fields": {"action_time": "2018-02-07T08:13:18.384Z", "user": 1, "content_type": 8, "object_id": "15", "object_repr": "Tu\u011f\u00e7e G\u00f6lgeli", "action_flag": 1, "change_message": "[{\"added\": {}}]"}}, {"model": "admin.logentry", "pk": 26, "fields": {"action_time": "2018-02-07T08:13:33.964Z", "user": 1, "content_type": 8, "object_id": "16", "object_repr": "Bayram Mert Alt\u0131nda\u011f", "action_flag": 1, "change_message": "[{\"added\": {}}]"}}, {"model": "admin.logentry", "pk": 27, "fields": {"action_time": "2018-02-07T08:13:53.669Z", "user": 1, "content_type": 8, "object_id": "17", "object_repr": "Berkin Zeybeko\u011flu", "action_flag": 1, "change_message": "[{\"added\": {}}]"}}, {"model": "admin.logentry", "pk": 28, "fields": {"action_time": "2018-02-07T08:14:03.640Z", "user": 1, "content_type": 8, "object_id": "18", "object_repr": "Burak Aky\u00fcrek", "action_flag": 1, "change_message": "[{\"added\": {}}]"}}, {"model": "admin.logentry", "pk": 29, "fields": {"action_time": "2018-02-07T08:14:10.721Z", "user": 1, "content_type": 8, "object_id": "19", "object_repr": "Emre Bilir", "action_flag": 1, "change_message": "[{\"added\": {}}]"}}, {"model": "admin.logentry", "pk": 30, "fields": {"action_time": "2018-02-07T08:14:17.577Z", "user": 1, "content_type": 8, "object_id": "20", "object_repr": "Fatih Semiz", "action_flag": 1, "change_message": "[{\"added\": {}}]"}}, {"model": "admin.logentry", "pk": 31, "fields": {"action_time": "2018-02-07T08:14:27.105Z", "user": 1, "content_type": 8, "object_id": "21", "object_repr": "Furkan G\u00f6kmen", "action_flag": 1, "change_message": "[{\"added\": {}}]"}}, {"model": "admin.logentry", "pk": 32, "fields": {"action_time": "2018-02-07T08:17:34.999Z", "user": 1, "content_type": 8, "object_id": "22", "object_repr": "Koray Eskiduman", "action_flag": 1, "change_message": "[{\"added\": {}}]"}}, {"model": "admin.logentry", "pk": 33, "fields": {"action_time": "2018-02-07T08:17:47.189Z", "user": 1, "content_type": 8, "object_id": "23", "object_repr": "Mustafa Onur Ko\u00e7", "action_flag": 1, "change_message": "[{\"added\": {}}]"}}, {"model": "admin.logentry", "pk": 34, "fields": {"action_time": "2018-02-07T08:17:54.880Z", "user": 1, "content_type": 8, "object_id": "24", "object_repr": "Ozan Bekta\u015f", "action_flag": 1, "change_message": "[{\"added\": {}}]"}}, {"model": "admin.logentry", "pk": 35, "fields": {"action_time": "2018-02-07T08:18:03.670Z", "user": 1, "content_type": 8, "object_id": "25", "object_repr": "Ramazan Do\u011fanay", "action_flag": 1, "change_message": "[{\"added\": {}}]"}}, {"model": "admin.logentry", "pk": 36, "fields": {"action_time": "2018-02-07T08:18:08.728Z", "user": 1, "content_type": 8, "object_id": "26", "object_repr": "Serkan  Atalay", "action_flag": 1, "change_message": "[{\"added\": {}}]"}}, {"model": "admin.logentry", "pk": 37, "fields": {"action_time": "2018-02-07T08:18:19.893Z", "user": 1, "content_type": 8, "object_id": "27", "object_repr": "Rabia Karam\u0131zrak", "action_flag": 1, "change_message": "[{\"added\": {}}]"}}, {"model": "admin.logentry", "pk": 38, "fields": {"action_time": "2018-02-07T08:18:32.623Z", "user": 1, "content_type": 8, "object_id": "28", "object_repr": "Zeynep Murat", "action_flag": 1, "change_message": "[{\"added\": {}}]"}}, {"model": "admin.logentry", "pk": 39, "fields": {"action_time": "2018-02-07T08:18:42.183Z", "user": 1, "content_type": 8, "object_id": "29", "object_repr": "Agah Akmaz", "action_flag": 1, "change_message": "[{\"added\": {}}]"}}, {"model": "admin.logentry", "pk": 40, "fields": {"action_time": "2018-02-07T08:18:54.208Z", "user": 1, "content_type": 8, "object_id": "27", "object_repr": "Rabia Karam\u0131zrak", "action_flag": 2, "change_message": "[{\"changed\": {\"fields\": [\"sex\"]}}]"}}, {"model": "admin.logentry", "pk": 41, "fields": {"action_time": "2018-02-07T08:19:42.485Z", "user": 1, "content_type": 8, "object_id": "30", "object_repr": "Ye\u015fim Ayd\u0131na", "action_flag": 1, "change_message": "[{\"added\": {}}]"}}, {"model": "admin.logentry", "pk": 42, "fields": {"action_time": "2018-02-07T08:20:16.957Z", "user": 1, "content_type": 8, "object_id": "31", "object_repr": "Ahmet Bekcan", "action_flag": 1, "change_message": "[{\"added\": {}}]"}}, {"model": "admin.logentry", "pk": 43, "fields": {"action_time": "2018-02-07T08:20:32.432Z", "user": 1, "content_type": 8, "object_id": "32", "object_repr": "Burak Can \u015een", "action_flag": 1, "change_message": "[{\"added\": {}}]"}}, {"model": "admin.logentry", "pk": 44, "fields": {"action_time": "2018-02-07T08:20:41.775Z", "user": 1, "content_type": 8, "object_id": "33", "object_repr": "Erdem \u015eim\u015fek", "action_flag": 1, "change_message": "[{\"added\": {}}]"}}, {"model": "admin.logentry", "pk": 45, "fields": {"action_time": "2018-02-07T08:20:51.298Z", "user": 1, "content_type": 8, "object_id": "34", "object_repr": "Haktan Yal\u00e7\u0131n", "action_flag": 1, "change_message": "[{\"added\": {}}]"}}, {"model": "admin.logentry", "pk": 46, "fields": {"action_time": "2018-02-07T08:21:05.471Z", "user": 1, "content_type": 8, "object_id": "35", "object_repr": "\u00d6mer \u00c7\u0131b\u0131k", "action_flag": 1, "change_message": "[{\"added\": {}}]"}}, {"model": "admin.logentry", "pk": 47, "fields": {"action_time": "2018-02-07T08:21:35.386Z", "user": 1, "content_type": 8, "object_id": "36", "object_repr": "Rahmetullah Durgun", "action_flag": 1, "change_message": "[{\"added\": {}}]"}}, {"model": "admin.logentry", "pk": 48, "fields": {"action_time": "2018-02-07T08:21:58.082Z", "user": 1, "content_type": 8, "object_id": "37", "object_repr": "Merve Er\u015fahin", "action_flag": 1, "change_message": "[{\"added\": {}}]"}}, {"model": "admin.logentry", "pk": 49, "fields": {"action_time": "2018-02-07T08:22:09.861Z", "user": 1, "content_type": 8, "object_id": "38", "object_repr": "Seher Balc\u0131", "action_flag": 1, "change_message": "[{\"added\": {}}]"}}, {"model": "admin.logentry", "pk": 50, "fields": {"action_time": "2018-02-07T08:22:27.578Z", "user": 1, "content_type": 8, "object_id": "39", "object_repr": "Murat \u00d6zta\u015f", "action_flag": 1, "change_message": "[{\"added\": {}}]"}}, {"model": "admin.logentry", "pk": 51, "fields": {"action_time": "2018-02-07T08:22:44.775Z", "user": 1, "content_type": 8, "object_id": "40", "object_repr": "Ay\u015fe Petek Bing\u00f6l", "action_flag": 1, "change_message": "[{\"added\": {}}]"}}, {"model": "admin.logentry", "pk": 52, "fields": {"action_time": "2018-02-07T08:43:55.153Z", "user": 1, "content_type": 10, "object_id": "2", "object_repr": "Race object (2)", "action_flag": 1, "change_message": "[{\"added\": {}}, {\"added\": {\"object\": \"Participation object (1)\", \"name\": \"participation\"}}, {\"added\": {\"object\": \"Participation object (2)\", \"name\": \"participation\"}}, {\"added\": {\"object\": \"Participation object (3)\", \"name\": \"participation\"}}, {\"added\": {\"object\": \"Participation object (4)\", \"name\": \"participation\"}}, {\"added\": {\"object\": \"Participation object (5)\", \"name\": \"participation\"}}]"}}, {"model": "admin.logentry", "pk": 53, "fields": {"action_time": "2018-02-07T08:44:41.334Z", "user": 1, "content_type": 7, "object_id": "2", "object_repr": "Team object (2)", "action_flag": 1, "change_message": "[{\"added\": {}}]"}}, {"model": "admin.logentry", "pk": 54, "fields": {"action_time": "2018-02-08T09:23:57.537Z", "user": 1, "content_type": 10, "object_id": "2", "object_repr": "Race object (2)", "action_flag": 2, "change_message": "[{\"added\": {\"name\": \"participation\", \"object\": \"Emre Bilir\"}}, {\"added\": {\"name\": \"participation\", \"object\": \"Merve Er\\u015fahin\"}}, {\"added\": {\"name\": \"participation\", \"object\": \"Emre Bilir\"}}, {\"added\": {\"name\": \"participation\", \"object\": \"Ye\\u015fim Ayd\\u0131na\"}}, {\"added\": {\"name\": \"participation\", \"object\": \"Tu\\u011f\\u00e7e G\\u00f6lgeli\"}}, {\"added\": {\"name\": \"participation\", \"object\": \"Ay\\u015fe Petek Bing\\u00f6l\"}}, {\"added\": {\"name\": \"participation\", \"object\": \"Sena Pamuk\"}}]"}}, {"model": "admin.logentry", "pk": 55, "fields": {"action_time": "2018-02-08T19:37:29.817Z", "user": 1, "content_type": 7, "object_id": "2", "object_repr": "kambafca's Team for Antalya bimenenenf\u00f6", "action_flag": 2, "change_message": "[{\"changed\": {\"fields\": [\"selected_players\"]}}]"}}, {"model": "admin.logentry", "pk": 56, "fields": {"action_time": "2018-02-08T21:41:05.514Z", "user": 1, "content_type": 10, "object_id": "2", "object_repr": "Antalya Kademe", "action_flag": 2, "change_message": "[{\"changed\": {\"fields\": [\"name\"]}}]"}}, {"model": "admin.logentry", "pk": 57, "fields": {"action_time": "2018-03-04T17:55:24.289Z", "user": 1, "content_type": 11, "object_id": "1", "object_repr": "Stage object (1)", "action_flag": 1, "change_message": "[{\"added\": {}}]"}}, {"model": "admin.logentry", "pk": 58, "fields": {"action_time": "2018-03-04T18:00:15.627Z", "user": 1, "content_type": 11, "object_id": "2", "object_repr": "Stage object (2)", "action_flag": 1, "change_message": "[{\"added\": {}}]"}}, {"model": "admin.logentry", "pk": 59, "fields": {"action_time": "2018-03-04T18:01:23.080Z", "user": 1, "content_type": 10, "object_id": "2", "object_repr": "Antalya Kademe", "action_flag": 2, "change_message": "[{\"added\": {\"object\": \"Race_stages object (1)\", \"name\": \"race-stage relationship\"}}]"}}, {"model": "admin.logentry", "pk": 60, "fields": {"action_time": "2018-03-04T18:01:30.968Z", "user": 1, "content_type": 10, "object_id": "2", "object_repr": "Antalya Kademe", "action_flag": 2, "change_message": "[{\"added\": {\"object\": \"Race_stages object (2)\", \"name\": \"race-stage relationship\"}}]"}}, {"model": "admin.logentry", "pk": 61, "fields": {"action_time": "2018-03-04T18:42:07.678Z", "user": 1, "content_type": 7, "object_id": "2", "object_repr": "kambafca's Team for Antalya Kademe", "action_flag": 3, "change_message": ""}}, {"model": "admin.logentry", "pk": 62, "fields": {"action_time": "2018-03-04T18:43:28.112Z", "user": 1, "content_type": 7, "object_id": "3", "object_repr": "kambafca's Team for Antalya Kademe", "action_flag": 1, "change_message": "[{\"added\": {}}]"}}, {"model": "admin.logentry", "pk": 63, "fields": {"action_time": "2018-03-04T18:46:52.504Z", "user": 1, "content_type": 8, "object_id": "19", "object_repr": "Emre Bilir", "action_flag": 2, "change_message": "[{\"deleted\": {\"object\": \"Emre Bilir Participation\", \"name\": \"participation\"}}, {\"deleted\": {\"object\": \"Emre Bilir Participation\", \"name\": \"participation\"}}]"}}, {"model": "admin.logentry", "pk": 64, "fields": {"action_time": "2018-03-04T19:44:51.865Z", "user": 1, "content_type": 3, "object_id": "2", "object_repr": "kambafca2", "action_flag": 3, "change_message": ""}}, {"model": "admin.logentry", "pk": 65, "fields": {"action_time": "2018-03-04T19:44:51.982Z", "user": 1, "content_type": 3, "object_id": "3", "object_repr": "kambafca3", "action_flag": 3, "change_message": ""}}, {"model": "admin.logentry", "pk": 66, "fields": {"action_time": "2018-03-04T19:45:12.726Z", "user": 1, "content_type": 3, "object_id": "4", "object_repr": "kambafca2", "action_flag": 1, "change_message": "[{\"added\": {}}]"}}, {"model": "admin.logentry", "pk": 67, "fields": {"action_time": "2018-03-04T21:34:38.721Z", "user": 1, "content_type": 10, "object_id": "2", "object_repr": "Antalya Kademe", "action_flag": 3, "change_message": ""}}, {"model": "admin.logentry", "pk": 68, "fields": {"action_time": "2018-03-04T21:35:29.481Z", "user": 1, "content_type": 8, "object_id": "41", "object_repr": "Sena Otlu", "action_flag": 1, "change_message": "[{\"added\": {}}]"}}, {"model": "admin.logentry", "pk": 69, "fields": {"action_time": "2018-03-04T21:35:39.802Z", "user": 1, "content_type": 8, "object_id": "42", "object_repr": "Emre Ayar", "action_flag": 1, "change_message": "[{\"added\": {}}]"}}, {"model": "admin.logentry", "pk": 70, "fields": {"action_time": "2018-03-04T21:36:03.695Z", "user": 1, "content_type": 8, "object_id": "43", "object_repr": "K\u00fcbra \u00d6z\u00fcbek", "action_flag": 1, "change_message": "[{\"added\": {}}]"}}, {"model": "admin.logentry", "pk": 71, "fields": {"action_time": "2018-03-04T21:38:39.935Z", "user": 1, "content_type": 10, "object_id": "3", "object_repr": "10-11 Mart Urla 4. Kademe", "action_flag": 1, "change_message": "[{\"added\": {}}]"}}, {"model": "admin.logentry", "pk": 72, "fields": {"action_time": "2018-03-04T21:38:52.089Z", "user": 1, "content_type": 11, "object_id": "2", "object_repr": "Stage object (2)", "action_flag": 3, "change_message": ""}}, {"model": "admin.logentry", "pk": 73, "fields": {"action_time": "2018-03-04T21:38:52.112Z", "user": 1, "content_type": 11, "object_id": "1", "object_repr": "Stage object (1)", "action_flag": 3, "change_message": ""}}, {"model": "admin.logentry", "pk": 74, "fields": {"action_time": "2018-03-04T21:39:09.795Z", "user": 1, "content_type": 11, "object_id": "3", "object_repr": "Stage object (3)", "action_flag": 1, "change_message": "[{\"added\": {}}]"}}, {"model": "admin.logentry", "pk": 75, "fields": {"action_time": "2018-03-04T21:39:20.938Z", "user": 1, "content_type": 11, "object_id": "4", "object_repr": "Stage object (4)", "action_flag": 1, "change_message": "[{\"added\": {}}]"}}, {"model": "admin.logentry", "pk": 76, "fields": {"action_time": "2018-03-04T21:39:25.506Z", "user": 1, "content_type": 10, "object_id": "3", "object_repr": "10-11 Mart Urla 4. Kademe", "action_flag": 2, "change_message": "[{\"added\": {\"object\": \"Race_stages object (3)\", \"name\": \"race-stage relationship\"}}, {\"added\": {\"object\": \"Race_stages object (4)\", \"name\": \"race-stage relationship\"}}]"}}, {"model": "admin.logentry", "pk": 77, "fields": {"action_time": "2018-03-04T21:43:33.324Z", "user": 1, "content_type": 10, "object_id": "3", "object_repr": "10-11 Mart Urla 4. Kademe", "action_flag": 2, "change_message": "[{\"added\": {\"object\": \"Dudu Erol Participation\", \"name\": \"participation\"}}, {\"added\": {\"object\": \"Sena Otlu Participation\", \"name\": \"participation\"}}, {\"added\": {\"object\": \"\\u00d6znur \\u00c7a\\u011flar Participation\", \"name\": \"participation\"}}, {\"added\": {\"object\": \"Sena Pamuk Participation\", \"name\": \"participation\"}}, {\"added\": {\"object\": \"Emre Ayar Participation\", \"name\": \"participation\"}}, {\"added\": {\"object\": \"Ali\\u015fan Kayab\\u00f6len Participation\", \"name\": \"participation\"}}, {\"added\": {\"object\": \"Fatih Atal\\u0131 Participation\", \"name\": \"participation\"}}, {\"added\": {\"object\": \"Utku Uzun Participation\", \"name\": \"participation\"}}, {\"added\": {\"object\": \"Zafer Taha \\u00d6zden Participation\", \"name\": \"participation\"}}, {\"added\": {\"object\": \"Zeynep B\\u00fc\\u015fra Ta\\u015f\\u00e7\\u0131 Participation\", \"name\": \"participation\"}}]"}}, {"model": "admin.logentry", "pk": 78, "fields": {"action_time": "2018-03-04T21:43:48.688Z", "user": 1, "content_type": 8, "object_id": "11", "object_repr": "Zafer Taha \u00d6zdemir", "action_flag": 2, "change_message": "[{\"changed\": {\"fields\": [\"name\"]}}]"}}, {"model": "admin.logentry", "pk": 79, "fields": {"action_time": "2018-03-04T21:46:39.283Z", "user": 1, "content_type": 10, "object_id": "3", "object_repr": "10-11 Mart Urla 4. Kademe", "action_flag": 2, "change_message": "[{\"added\": {\"object\": \"Nazl\\u0131 \\u00d6zkoca Participation\", \"name\": \"participation\"}}, {\"added\": {\"object\": \"Sena Tiryaki Participation\", \"name\": \"participation\"}}, {\"added\": {\"object\": \"Tu\\u011f\\u00e7e G\\u00f6lgeli Participation\", \"name\": \"participation\"}}, {\"added\": {\"object\": \"K\\u00fcbra \\u00d6z\\u00fcbek Participation\", \"name\": \"participation\"}}, {\"added\": {\"object\": \"Bayram Mert Alt\\u0131nda\\u011f Participation\", \"name\": \"participation\"}}, {\"added\": {\"object\": \"Berkin Zeybeko\\u011flu Participation\", \"name\": \"participation\"}}, {\"added\": {\"object\": \"Burak Aky\\u00fcrek Participation\", \"name\": \"participation\"}}, {\"added\": {\"object\": \"Emre Bilir Participation\", \"name\": \"participation\"}}, {\"added\": {\"object\": \"Fatih Semiz Participation\", \"name\": \"participation\"}}, {\"added\": {\"object\": \"Furkan G\\u00f6kmen Participation\", \"name\": \"participation\"}}, {\"added\": {\"object\": \"Koray Eskiduman Participation\", \"name\": \"participation\"}}, {\"added\": {\"object\": \"Mustafa Onur Ko\\u00e7 Participation\", \"name\": \"participation\"}}, {\"added\": {\"object\": \"Ozan Bekta\\u015f Participation\", \"name\": \"participation\"}}, {\"added\": {\"object\": \"Agah Akmaz Participation\", \"name\": \"participation\"}}, {\"added\": {\"object\": \"Serkan  Atalay Participation\", \"name\": \"participation\"}}, {\"added\": {\"object\": \"Rabia Karam\\u0131zrak Participation\", \"name\": \"participation\"}}, {\"added\": {\"object\": \"Zeynep Murat Participation\", \"name\": \"participation\"}}]"}}, {"model": "admin.logentry", "pk": 80, "fields": {"action_time": "2018-03-04T21:47:37.061Z", "user": 1, "content_type": 10, "object_id": "3", "object_repr": "10-11 Mart Urla 4. Kademe", "action_flag": 2, "change_message": "[{\"added\": {\"object\": \"Ye\\u015fim Ayd\\u0131na Participation\", \"name\": \"participation\"}}, {\"added\": {\"object\": \"Murat \\u00d6zta\\u015f Participation\", \"name\": \"participation\"}}, {\"added\": {\"object\": \"Ay\\u015fe Petek Bing\\u00f6l Participation\", \"name\": \"participation\"}}, {\"added\": {\"object\": \"Erdem \\u015eim\\u015fek Participation\", \"name\": \"participation\"}}, {\"added\": {\"object\": \"Haktan Yal\\u00e7\\u0131n Participation\", \"name\": \"participation\"}}]"}}, {"model": "admin.logentry", "pk": 81, "fields": {"action_time": "2018-03-04T22:23:03.494Z", "user": 1, "content_type": 10, "object_id": "3", "object_repr": "10-11 Mart Urla 4. Kademe", "action_flag": 2, "change_message": "[{\"added\": {\"name\": \"participation\", \"object\": \"\\u00d6mer \\u00c7\\u0131b\\u0131k Participation\"}}, {\"added\": {\"name\": \"participation\", \"object\": \"Rahmetullah Durgun Participation\"}}]"}}, {"model": "admin.logentry", "pk": 82, "fields": {"action_time": "2018-03-04T22:24:49.592Z", "user": 1, "content_type": 10, "object_id": "3", "object_repr": "10-11 Mart Urla 4. Kademe", "action_flag": 2, "change_message": "[{\"changed\": {\"object\": \"Fatih Atal\\u0131 Participation\", \"fields\": [\"price\"], \"name\": \"participation\"}}]"}}, {"model": "admin.logentry", "pk": 83, "fields": {"action_time": "2018-03-06T22:20:22.012Z", "user": 1, "content_type": 10, "object_id": "3", "object_repr": "10-11 Mart Urla", "action_flag": 2, "change_message": "[{\"changed\": {\"fields\": [\"name\"]}}]"}}, {"model": "admin.logentry", "pk": 84, "fields": {"action_time": "2018-03-07T10:07:34.872Z", "user": 1, "content_type": 3, "object_id": "7", "object_repr": "ozanbektash", "action_flag": 2, "change_message": "[{\"changed\": {\"fields\": [\"first_name\"]}}]"}}, {"model": "admin.logentry", "pk": 85, "fields": {"action_time": "2018-03-07T10:07:42.273Z", "user": 1, "content_type": 3, "object_id": "7", "object_repr": "ozanbektash", "action_flag": 2, "change_message": "[{\"changed\": {\"fields\": [\"last_name\"]}}]"}}, {"model": "admin.logentry", "pk": 86, "fields": {"action_time": "2018-03-07T12:44:53.211Z", "user": 1, "content_type": 3, "object_id": "5", "object_repr": "serkan.atalay", "action_flag": 2, "change_message": "[{\"changed\": {\"fields\": [\"first_name\", \"last_name\"]}}]"}}, {"model": "admin.logentry", "pk": 87, "fields": {"action_time": "2018-03-07T12:45:15.381Z", "user": 1, "content_type": 3, "object_id": "6", "object_repr": "fatih.atal\u0131", "action_flag": 2, "change_message": "[{\"changed\": {\"fields\": [\"first_name\", \"last_name\"]}}]"}}, {"model": "admin.logentry", "pk": 88, "fields": {"action_time": "2018-03-07T12:45:48.659Z", "user": 1, "content_type": 3, "object_id": "4", "object_repr": "kambafca2", "action_flag": 3, "change_message": ""}}]